{"shortAttackEnemyList":[{"x":1926.6011,"y":2220.9001}],"surfaceList":[{"effect":"gravity","x":216.90015,"width":7434.0,"y":77.73364,"standardColor":"0.0;0.78431374;0.78431374;1","height":7074.0},{"effect":"solid","x":2344.9072,"width":1695.0,"y":2287.939,"standardColor":"0;0;0;1","height":54.0},{"effect":"solid","x":2345.5088,"width":235.0,"y":1963.0034,"standardColor":"0;0;0;1","height":373.0},{"effect":"solid","x":1880.509,"width":516.0,"y":1963.0034,"standardColor":"0;0;0;1","height":144.0}],"nextLevel":"000"}